product_name , lowest_price , highest_price
Flying ZD-5 Remote Gesture Control Mode 2.4Ghz 6Axis RC Helicopter Drone With Long Flight Time 720P HD WIFI Camera RC Quadcopter,29.3,30.8
Custom Indoor Mini tiny FPV Racing Air Gate Drone Racing Flag,5.61,5.94
2019 New Design Factory Wholesale RC Mini UFO Drone Toy with BIS,9.26,9.43
Mini UFO toy Infrared Induction drone Toy for Kids and Adults-Built-in Shining Colorful LED Light hand control drone,6.8,7.8
Exceptional Quality Competitive Price Drone 2.4Ghz Rc Ufo Quadcopter Wifi Camera Drone,29.35,31.87
HOT SALE INFRARED HAND INDUCTION TRANSPARENT LED FLASHING LIGTHITNG FLYING BALL DRONE,1.78,2.3
Fulaiying Magic Speed X52 App 2.4g 1080 FPV Wide Angle 6 Axis Gyro Plastic RC Quadcopter Live Video Drone With WiFi HD Camera,15.88,31.75
GLOBAL DRONE GW-X183 2.4g fpv Drone with professional camera| drone professional for aerial Upgrade 5G 1080p wifi camera,86.99,91.85
Detoo X183 5.8G FPV 2Mp 720P Drone Dual GPS Quad Copter Auto Follow Drone With HD Camera Remote Control Drone,64.12,78.21
2.4GHz RC Mini Drone with hd Camera,26.0,35.0
DJI Mavic Pro RC drone with HD 4K camera Obstacle sensor 7km flight distance,19.8,19.8
Hot Sale JDTOYS JD-19 E58 JY019 Quadcpter 2.4G RC Pocket Drone with HD Camera,25.5,28.5
Drone professional for aerial photography,86.3,97.1
2.4g rc folding mini drone with hd camera,27.21,30.8
Professional JJR/C H36 Mini Drone 360 Degree Flip 6-axis Gyro 2.4GHz Radio Control Quadcopter with LED Light,1,16.9
Original Phantom 4 Pro V2.0 Professional Quadcopter 4K Camera Drone,800,1499
RC Quadcopter Distance Camera RC Drone With HD Camera Wifi Control Professional,24.5,26.5
2018 Amazon hot selling adult toy remote control x5c 2.4Ghz Drone with hd camera,11.5,12
four axis drone radio controlled rc drones with hd camera and gps,67.45,71
OEM ODM china wholesale Vitus 320 ar dron helicopter uav Aircraft drones with 4k camera and gps rc quadcopter drone 4k,450,560
New design cheap price hot sale mini drone with camera,2.59,3.59
Linxtech SJRC S20W Drone 5G WIFI 1080P FPV RC Quadcopter With HD Camera and Dual Positioning Follow me mode of GPS & GLONASS,68.0,68.0
2019 Wholesale Rc Helicopter Quadcopter Remote Control Toys Drone With Hd Camera,17.7,34.5
NEW ARRIVING W606-16 2.4G Hand Sensor Control Foldable Mini RC Drone,11.99,12.99
Mini drone JJRC H36 RC Quadcopter 2.4GHz 4CH 6 Axis Gyro Drones with Headless Mode,8.45,8.45
SJY-JY019 Fly More Combo personal rc Drone with 2MP Wide Angle Camera similar vs Dji mavic pro,30.9,33.9
Upgrade Portable Folding Optical flow RC Hover camera Drone with WIFI Live Photo APP Helicopter Altitude Hold Quadcopter,27.5,38.0
Typhoon Q500 4K Quadcopter RC Drone with Handheld CGO SteadyGrip Gimbal| Yuneec Typhoon,300,599
Long Flight Foldable 5G Wifi FPV 1080P HD Camera Obtain GPS Follow Me Drone,295,340
China wholesale best 2.4G headless mode long distance flying WIFI smart small mini pocket rc quadcopter drone with camera,14.7,21
BEST Eachine E58 WIFI FPV With Wide Angle HD Camera High Hold / drone with camera / quadcopter drone for USA market,28.9,32.8
DWI Dowellin Wifi Brushless Dual GPS Professional Selfie Drone 4K With HD Camera,145.92,185.12
AR function 2.4G rc foldable altitude hold drone with camera wifi,16.03,28.65
Selfie Drone With Camera XS809 XS809w Fpv Drone Rc Helicopter Remote Control Toy For Kids VISUO Xs809hw Foldable Drone,18,33.9
wireless transmitter receiver helicopter rc drone with camera,11.88,16
wholesale small toy ar pocket helicopter rc mini micro nano quadcopter drone,9.7,10.9
GLOBAL DRONE New Design GW180 2.4G 6axis gyro RC dron helicopter quadcopter drone professional 2016 for sale,86.99,91.85
6 axis gyro 4ch mini rc foldable pocket drone with camera,18.29,22.59
L6065 2018 New Arrive Cheap Mini RC Quadcopter Drone,6.59,7.99
